"","Time","Cell","Ratio"
"1",0,"cell-1",0.9935818
"2",2,"cell-1",0.9972606
"3",4,"cell-1",1.010935
"4",6,"cell-1",0.9959134
"5",8,"cell-1",0.9970548
"6",10,"cell-1",1.003856
"7",12,"cell-1",0.9951291
"8",14,"cell-1",1.004095
"9",16,"cell-1",1.006717
"10",18,"cell-1",0.9848872
"11",20,"cell-1",1.008174
"12",22,"cell-1",0.9904026
"13",24,"cell-1",0.9901288
"14",26,"cell-1",0.9985291
"15",28,"cell-1",0.9977976
"16",30,"cell-1",0.9937107
"17",32,"cell-1",1.002426
"18",34,"cell-1",0.9990357
"19",36,"cell-1",1.005001
"20",38,"cell-1",0.9757972
"21",40,"cell-1",0.99025
"22",42,"cell-1",0.9914863
"23",44,"cell-1",0.9864967
"24",46,"cell-1",0.9835734
"25",48,"cell-1",0.9921454
"26",50,"cell-1",0.690575
"27",52,"cell-1",0.6927613
"28",54,"cell-1",0.6903122
"29",56,"cell-1",0.6495826
"30",58,"cell-1",0.6826769
"31",60,"cell-1",0.6730855
"32",62,"cell-1",0.6832842
"33",64,"cell-1",0.680155
"34",66,"cell-1",0.6772369
"35",68,"cell-1",0.6767522
"36",70,"cell-1",0.6745279
"37",72,"cell-1",0.6711643
"38",74,"cell-1",0.679616
"39",76,"cell-1",0.6743037
"40",78,"cell-1",0.6702362
"41",80,"cell-1",0.6660641
"42",82,"cell-1",0.6702495
"43",84,"cell-1",0.6692957
"44",86,"cell-1",0.6671401
"45",88,"cell-1",0.6722153
"46",90,"cell-1",0.6670756
"47",92,"cell-1",0.6673751
"48",94,"cell-1",0.6736002
"49",96,"cell-1",0.6639975
"50",98,"cell-1",0.669982
"51",100,"cell-1",0.6682358
"52",102,"cell-1",0.6667442
"53",104,"cell-1",0.669704
"54",106,"cell-1",0.6637713
"55",108,"cell-1",0.6645879
"56",110,"cell-1",0.6622819
"57",112,"cell-1",0.665643
"58",114,"cell-1",0.6617401
"59",116,"cell-1",0.6666878
"60",118,"cell-1",0.6629437
"61",120,"cell-1",0.6593377
"62",122,"cell-1",0.661852
"63",124,"cell-1",0.6605454
"64",126,"cell-1",0.6574807
"65",128,"cell-1",0.662096
"66",130,"cell-1",0.6560688
"67",132,"cell-1",0.6601675
"68",134,"cell-1",0.6624002
"69",136,"cell-1",0.6653245
"70",138,"cell-1",0.661963
"71",140,"cell-1",0.6587321
"72",142,"cell-1",0.6667782
"73",144,"cell-1",0.6655675
"74",146,"cell-1",0.666216
"75",148,"cell-1",0.6661156
"76",150,"cell-1",0.6674702
"77",152,"cell-1",0.6604555
"78",154,"cell-1",0.6675453
"79",156,"cell-1",0.6585846
"80",158,"cell-1",0.6570661
"81",160,"cell-1",0.6780392
"82",162,"cell-1",0.6967249
"83",164,"cell-1",0.7252154
"84",166,"cell-1",0.760114
"85",168,"cell-1",0.7792834
"86",170,"cell-1",0.7908425
"87",172,"cell-1",0.8013706
"88",174,"cell-1",0.821974
"89",176,"cell-1",0.8077375
"90",178,"cell-1",0.824002
"91",180,"cell-1",0.7983506
"92",182,"cell-1",0.8235811
"93",184,"cell-1",0.8200656
"94",186,"cell-1",0.8290564
"95",188,"cell-1",0.8236263
"96",190,"cell-1",0.8216298
"97",192,"cell-1",0.8210967
"98",194,"cell-1",0.8282813
"99",196,"cell-1",0.8357399
"100",198,"cell-1",0.8319375
"101",200,"cell-1",0.8346034
"102",202,"cell-1",0.8330616
"103",204,"cell-1",0.8360739
"104",206,"cell-1",0.8376793
"105",208,"cell-1",0.8394494
"106",210,"cell-1",0.8409116
"107",212,"cell-1",0.8345894
"108",214,"cell-1",0.8417685
"109",216,"cell-1",0.828907
"110",218,"cell-1",0.8350143
"111",220,"cell-1",0.8406683
"112",222,"cell-1",0.8541303
"113",224,"cell-1",0.8438001
"114",226,"cell-1",0.8772048
"115",228,"cell-1",0.8601219
"116",230,"cell-1",0.854363
"117",232,"cell-1",0.8438829
"118",234,"cell-1",0.8384114
"119",236,"cell-1",0.8512328
"120",238,"cell-1",0.8389911
"121",240,"cell-1",0.8388155
"122",0,"cell-2",0.9965762
"123",2,"cell-2",0.9979417
"124",4,"cell-2",1.007662
"125",6,"cell-2",1.001891
"126",8,"cell-2",0.9971041
"127",10,"cell-2",1.001855
"128",12,"cell-2",0.9936391
"129",14,"cell-2",1.005613
"130",16,"cell-2",1.00001
"131",18,"cell-2",0.9914007
"132",20,"cell-2",1.008992
"133",22,"cell-2",0.9878731
"134",24,"cell-2",0.992722
"135",26,"cell-2",0.9992844
"136",28,"cell-2",1.002279
"137",30,"cell-2",1.002916
"138",32,"cell-2",1.001679
"139",34,"cell-2",0.9966198
"140",36,"cell-2",1.007026
"141",38,"cell-2",0.9868194
"142",40,"cell-2",0.9891354
"143",42,"cell-2",0.9972853
"144",44,"cell-2",0.9909698
"145",46,"cell-2",0.9918954
"146",48,"cell-2",1.004965
"147",50,"cell-2",0.7712867
"148",52,"cell-2",0.777539
"149",54,"cell-2",0.7637621
"150",56,"cell-2",0.7657181
"151",58,"cell-2",0.7418116
"152",60,"cell-2",0.7439602
"153",62,"cell-2",0.764734
"154",64,"cell-2",0.7585751
"155",66,"cell-2",0.758302
"156",68,"cell-2",0.7595171
"157",70,"cell-2",0.7566794
"158",72,"cell-2",0.75479
"159",74,"cell-2",0.7619421
"160",76,"cell-2",0.7591677
"161",78,"cell-2",0.7602997
"162",80,"cell-2",0.7532247
"163",82,"cell-2",0.765366
"164",84,"cell-2",0.7582719
"165",86,"cell-2",0.7592971
"166",88,"cell-2",0.7636634
"167",90,"cell-2",0.760431
"168",92,"cell-2",0.7605526
"169",94,"cell-2",0.7638866
"170",96,"cell-2",0.753895
"171",98,"cell-2",0.7641327
"172",100,"cell-2",0.7584084
"173",102,"cell-2",0.7586494
"174",104,"cell-2",0.7585765
"175",106,"cell-2",0.7569599
"176",108,"cell-2",0.7514185
"177",110,"cell-2",0.7549981
"178",112,"cell-2",0.7595157
"179",114,"cell-2",0.7545304
"180",116,"cell-2",0.759595
"181",118,"cell-2",0.755384
"182",120,"cell-2",0.7538441
"183",122,"cell-2",0.7541345
"184",124,"cell-2",0.7488391
"185",126,"cell-2",0.7470768
"186",128,"cell-2",0.7506834
"187",130,"cell-2",0.7463942
"188",132,"cell-2",0.7481719
"189",134,"cell-2",0.7538762
"190",136,"cell-2",0.7581832
"191",138,"cell-2",0.752481
"192",140,"cell-2",0.7522457
"193",142,"cell-2",0.7597531
"194",144,"cell-2",0.7512102
"195",146,"cell-2",0.7557646
"196",148,"cell-2",0.7567158
"197",150,"cell-2",0.7510465
"198",152,"cell-2",0.7373843
"199",154,"cell-2",0.7608193
"200",156,"cell-2",0.758895
"201",158,"cell-2",0.7589667
"202",160,"cell-2",0.7840518
"203",162,"cell-2",0.8143562
"204",164,"cell-2",0.8466827
"205",166,"cell-2",0.8771384
"206",168,"cell-2",0.889087
"207",170,"cell-2",0.9012936
"208",172,"cell-2",0.910957
"209",174,"cell-2",0.9268601
"210",176,"cell-2",0.9094514
"211",178,"cell-2",0.9242779
"212",180,"cell-2",0.9076857
"213",182,"cell-2",0.925498
"214",184,"cell-2",0.9222595
"215",186,"cell-2",0.9317784
"216",188,"cell-2",0.9226643
"217",190,"cell-2",0.9165547
"218",192,"cell-2",0.9147034
"219",194,"cell-2",0.9236096
"220",196,"cell-2",0.9257274
"221",198,"cell-2",0.9252224
"222",200,"cell-2",0.9284414
"223",202,"cell-2",0.9289717
"224",204,"cell-2",0.9240814
"225",206,"cell-2",0.9261681
"226",208,"cell-2",0.9276364
"227",210,"cell-2",0.9241971
"228",212,"cell-2",0.9166014
"229",214,"cell-2",0.9281349
"230",216,"cell-2",0.9224838
"231",218,"cell-2",0.923761
"232",220,"cell-2",0.9307938
"233",222,"cell-2",0.937544
"234",224,"cell-2",0.9286164
"235",226,"cell-2",0.9689363
"236",228,"cell-2",0.9514383
"237",230,"cell-2",0.9493067
"238",232,"cell-2",0.9318541
"239",234,"cell-2",0.9352189
"240",236,"cell-2",0.9487267
"241",238,"cell-2",0.9328855
"242",240,"cell-2",0.9292778
"243",0,"cell-3",0.9907055
"244",2,"cell-3",1.00146
"245",4,"cell-3",1.002369
"246",6,"cell-3",1.003493
"247",8,"cell-3",0.9957852
"248",10,"cell-3",0.9897691
"249",12,"cell-3",1.007262
"250",14,"cell-3",0.9901359
"251",16,"cell-3",1.003434
"252",18,"cell-3",1.002396
"253",20,"cell-3",0.9948413
"254",22,"cell-3",0.9817954
"255",24,"cell-3",0.9929974
"256",26,"cell-3",0.9930775
"257",28,"cell-3",0.9968351
"258",30,"cell-3",1.003374
"259",32,"cell-3",1.000509
"260",34,"cell-3",1.001452
"261",36,"cell-3",0.9873161
"262",38,"cell-3",0.9893566
"263",40,"cell-3",0.9933261
"264",42,"cell-3",0.9921743
"265",44,"cell-3",0.9822891
"266",46,"cell-3",0.7727538
"267",48,"cell-3",0.6569181
"268",50,"cell-3",0.6419768
"269",52,"cell-3",0.6304104
"270",54,"cell-3",0.6329958
"271",56,"cell-3",0.6327962
"272",58,"cell-3",0.6269465
"273",60,"cell-3",0.6266464
"274",62,"cell-3",0.6231157
"275",64,"cell-3",0.6230312
"276",66,"cell-3",0.6254841
"277",68,"cell-3",0.6221592
"278",70,"cell-3",0.6236967
"279",72,"cell-3",0.6247718
"280",74,"cell-3",0.6226387
"281",76,"cell-3",0.6261858
"282",78,"cell-3",0.625692
"283",80,"cell-3",0.6239132
"284",82,"cell-3",0.6273026
"285",84,"cell-3",0.6211504
"286",86,"cell-3",0.6260246
"287",88,"cell-3",0.6187277
"288",90,"cell-3",0.6186101
"289",92,"cell-3",0.6194225
"290",94,"cell-3",0.6230611
"291",96,"cell-3",0.6389883
"292",98,"cell-3",0.6988535
"293",100,"cell-3",0.6311075
"294",102,"cell-3",0.6383035
"295",104,"cell-3",0.638924
"296",106,"cell-3",0.6375644
"297",108,"cell-3",0.6400624
"298",110,"cell-3",0.6334744
"299",112,"cell-3",0.6417574
"300",114,"cell-3",0.6333274
"301",116,"cell-3",0.6389716
"302",118,"cell-3",0.6370345
"303",120,"cell-3",0.6375932
"304",122,"cell-3",0.6330434
"305",124,"cell-3",0.63602
"306",126,"cell-3",0.6405231
"307",128,"cell-3",0.6400219
"308",130,"cell-3",0.6374485
"309",132,"cell-3",0.6383447
"310",134,"cell-3",0.6405104
"311",136,"cell-3",0.640002
"312",138,"cell-3",0.6406428
"313",140,"cell-3",0.6407111
"314",142,"cell-3",0.6384149
"315",144,"cell-3",0.6415494
"316",146,"cell-3",0.6378209
"317",148,"cell-3",0.6478026
"318",150,"cell-3",0.6196126
"319",152,"cell-3",0.6595996
"320",154,"cell-3",0.6806108
"321",156,"cell-3",0.7065055
"322",158,"cell-3",0.7507149
"323",160,"cell-3",0.7769749
"324",162,"cell-3",0.7957701
"325",164,"cell-3",0.7948181
"326",166,"cell-3",0.8146588
"327",168,"cell-3",0.8198928
"328",170,"cell-3",0.8180432
"329",172,"cell-3",0.818664
"330",174,"cell-3",0.8285172
"331",176,"cell-3",0.8293164
"332",178,"cell-3",0.8297671
"333",180,"cell-3",0.8248296
"334",182,"cell-3",0.8307277
"335",184,"cell-3",0.8273021
"336",186,"cell-3",0.83806
"337",188,"cell-3",0.833377
"338",190,"cell-3",0.8405777
"339",192,"cell-3",0.8432119
"340",194,"cell-3",0.8462502
"341",196,"cell-3",0.8417921
"342",198,"cell-3",0.8405947
"343",200,"cell-3",0.8473712
"344",202,"cell-3",0.8516165
"345",204,"cell-3",0.844476
"346",206,"cell-3",0.8494313
"347",208,"cell-3",0.8485293
"348",210,"cell-3",0.8388352
"349",212,"cell-3",0.8452401
"350",214,"cell-3",0.8585805
"351",216,"cell-3",0.8543727
"352",218,"cell-3",0.8542214
"353",220,"cell-3",0.8624922
"354",222,"cell-3",0.8617003
"355",224,"cell-3",0.8646743
"356",226,"cell-3",0.851841
"357",228,"cell-3",0.86164
"358",230,"cell-3",0.861764
"359",232,"cell-3",0.8662289
"360",234,"cell-3",0.8537068
"361",236,"cell-3",0.8610116
"362",238,"cell-3",0.865618
"363",240,"cell-3",0.8649738
"364",0,"cell-4",0.9938881
"365",2,"cell-4",1.004102
"366",4,"cell-4",1.001158
"367",6,"cell-4",1.001164
"368",8,"cell-4",1.001942
"369",10,"cell-4",0.9976327
"370",12,"cell-4",0.9940491
"371",14,"cell-4",0.9987096
"372",16,"cell-4",0.9968854
"373",18,"cell-4",0.9987984
"374",20,"cell-4",0.9994631
"375",22,"cell-4",0.9880604
"376",24,"cell-4",0.9934278
"377",26,"cell-4",0.9913366
"378",28,"cell-4",0.9827948
"379",30,"cell-4",0.9845817
"380",32,"cell-4",0.9902699
"381",34,"cell-4",0.9813325
"382",36,"cell-4",0.9822187
"383",38,"cell-4",0.9810679
"384",40,"cell-4",0.9887279
"385",42,"cell-4",0.9794463
"386",44,"cell-4",0.9848179
"387",46,"cell-4",0.9832006
"388",48,"cell-4",0.7090635
"389",50,"cell-4",0.7129364
"390",52,"cell-4",0.7070919
"391",54,"cell-4",0.7021374
"392",56,"cell-4",0.6940571
"393",58,"cell-4",0.692236
"394",60,"cell-4",0.6936882
"395",62,"cell-4",0.6933723
"396",64,"cell-4",0.6940081
"397",66,"cell-4",0.6951234
"398",68,"cell-4",0.6922216
"399",70,"cell-4",0.6931439
"400",72,"cell-4",0.6953734
"401",74,"cell-4",0.6928951
"402",76,"cell-4",0.6937922
"403",78,"cell-4",0.6935414
"404",80,"cell-4",0.691806
"405",82,"cell-4",0.6908084
"406",84,"cell-4",0.6878459
"407",86,"cell-4",0.6873162
"408",88,"cell-4",0.6920167
"409",90,"cell-4",0.6897801
"410",92,"cell-4",0.6921455
"411",94,"cell-4",0.69156
"412",96,"cell-4",0.6911537
"413",98,"cell-4",0.6875165
"414",100,"cell-4",0.6915534
"415",102,"cell-4",0.6891918
"416",104,"cell-4",0.6924402
"417",106,"cell-4",0.6898133
"418",108,"cell-4",0.6918577
"419",110,"cell-4",0.687372
"420",112,"cell-4",0.6888668
"421",114,"cell-4",0.6871159
"422",116,"cell-4",0.6891255
"423",118,"cell-4",0.6882656
"424",120,"cell-4",0.6881337
"425",122,"cell-4",0.6878538
"426",124,"cell-4",0.6879572
"427",126,"cell-4",0.6868591
"428",128,"cell-4",0.6847789
"429",130,"cell-4",0.6889208
"430",132,"cell-4",0.6862735
"431",134,"cell-4",0.6896104
"432",136,"cell-4",0.6900047
"433",138,"cell-4",0.6901839
"434",140,"cell-4",0.6866176
"435",142,"cell-4",0.6850116
"436",144,"cell-4",0.6853925
"437",146,"cell-4",0.6640525
"438",148,"cell-4",0.6848176
"439",150,"cell-4",0.682815
"440",152,"cell-4",0.6955957
"441",154,"cell-4",0.7208306
"442",156,"cell-4",0.748536
"443",158,"cell-4",0.7645899
"444",160,"cell-4",0.7835963
"445",162,"cell-4",0.7937301
"446",164,"cell-4",0.801936
"447",166,"cell-4",0.8132165
"448",168,"cell-4",0.8206086
"449",170,"cell-4",0.8254397
"450",172,"cell-4",0.8318515
"451",174,"cell-4",0.8379454
"452",176,"cell-4",0.8411039
"453",178,"cell-4",0.8437021
"454",180,"cell-4",0.8456879
"455",182,"cell-4",0.8512554
"456",184,"cell-4",0.8483365
"457",186,"cell-4",0.8551339
"458",188,"cell-4",0.8562742
"459",190,"cell-4",0.8550979
"460",192,"cell-4",0.8537892
"461",194,"cell-4",0.8530002
"462",196,"cell-4",0.8563579
"463",198,"cell-4",0.8631377
"464",200,"cell-4",0.8601948
"465",202,"cell-4",0.8603124
"466",204,"cell-4",0.8653032
"467",206,"cell-4",0.8665447
"468",208,"cell-4",0.8709114
"469",210,"cell-4",0.8697828
"470",212,"cell-4",0.8714681
"471",214,"cell-4",0.8731135
"472",216,"cell-4",0.8774736
"473",218,"cell-4",0.8755716
"474",220,"cell-4",0.8812335
"475",222,"cell-4",0.8805513
"476",224,"cell-4",0.8805155
"477",226,"cell-4",0.8870187
"478",228,"cell-4",0.8869889
"479",230,"cell-4",0.885383
"480",232,"cell-4",0.8916538
"481",234,"cell-4",0.8924411
"482",236,"cell-4",0.8905483
"483",238,"cell-4",0.8960189
"484",240,"cell-4",0.8915784
"485",0,"cell-5",0.9942987
"486",2,"cell-5",1.004207
"487",4,"cell-5",1.001488
"488",6,"cell-5",1.001113
"489",8,"cell-5",1.000751
"490",10,"cell-5",0.9987909
"491",12,"cell-5",0.9937052
"492",14,"cell-5",0.9976613
"493",16,"cell-5",1.002811
"494",18,"cell-5",1.000693
"495",20,"cell-5",1.000123
"496",22,"cell-5",0.9908413
"497",24,"cell-5",0.9926035
"498",26,"cell-5",0.9943461
"499",28,"cell-5",0.9860387
"500",30,"cell-5",0.992258
"501",32,"cell-5",0.9927139
"502",34,"cell-5",0.9925956
"503",36,"cell-5",0.9862194
"504",38,"cell-5",0.9891836
"505",40,"cell-5",0.9863042
"506",42,"cell-5",0.9872593
"507",44,"cell-5",0.9912714
"508",46,"cell-5",0.9882032
"509",48,"cell-5",0.6939162
"510",50,"cell-5",0.6907997
"511",52,"cell-5",0.6862905
"512",54,"cell-5",0.6862492
"513",56,"cell-5",0.675862
"514",58,"cell-5",0.6702752
"515",60,"cell-5",0.6758974
"516",62,"cell-5",0.6721024
"517",64,"cell-5",0.6746343
"518",66,"cell-5",0.6750088
"519",68,"cell-5",0.6711476
"520",70,"cell-5",0.6724354
"521",72,"cell-5",0.6766504
"522",74,"cell-5",0.6730373
"523",76,"cell-5",0.6728938
"524",78,"cell-5",0.6698915
"525",80,"cell-5",0.6730536
"526",82,"cell-5",0.6739558
"527",84,"cell-5",0.6671087
"528",86,"cell-5",0.6705547
"529",88,"cell-5",0.6713664
"530",90,"cell-5",0.6684079
"531",92,"cell-5",0.6694571
"532",94,"cell-5",0.6720146
"533",96,"cell-5",0.6676291
"534",98,"cell-5",0.6668726
"535",100,"cell-5",0.6690347
"536",102,"cell-5",0.6664217
"537",104,"cell-5",0.671641
"538",106,"cell-5",0.6716314
"539",108,"cell-5",0.6716189
"540",110,"cell-5",0.6673771
"541",112,"cell-5",0.6685454
"542",114,"cell-5",0.6698386
"543",116,"cell-5",0.6713089
"544",118,"cell-5",0.6697208
"545",120,"cell-5",0.6679878
"546",122,"cell-5",0.6682515
"547",124,"cell-5",0.6673157
"548",126,"cell-5",0.6668339
"549",128,"cell-5",0.6654504
"550",130,"cell-5",0.6720371
"551",132,"cell-5",0.6690102
"552",134,"cell-5",0.6714479
"553",136,"cell-5",0.671025
"554",138,"cell-5",0.6712533
"555",140,"cell-5",0.670809
"556",142,"cell-5",0.6674159
"557",144,"cell-5",0.6664161
"558",146,"cell-5",0.6425465
"559",148,"cell-5",0.6661977
"560",150,"cell-5",0.6737127
"561",152,"cell-5",0.7044499
"562",154,"cell-5",0.7465816
"563",156,"cell-5",0.790469
"564",158,"cell-5",0.8108928
"565",160,"cell-5",0.8365729
"566",162,"cell-5",0.8418541
"567",164,"cell-5",0.8534384
"568",166,"cell-5",0.8553572
"569",168,"cell-5",0.8589618
"570",170,"cell-5",0.8623171
"571",172,"cell-5",0.8661237
"572",174,"cell-5",0.8734931
"573",176,"cell-5",0.87298
"574",178,"cell-5",0.8740097
"575",180,"cell-5",0.8765781
"576",182,"cell-5",0.8811355
"577",184,"cell-5",0.8787946
"578",186,"cell-5",0.8863619
"579",188,"cell-5",0.8826315
"580",190,"cell-5",0.8921162
"581",192,"cell-5",0.8853543
"582",194,"cell-5",0.8874226
"583",196,"cell-5",0.8898428
"584",198,"cell-5",0.8943604
"585",200,"cell-5",0.8954196
"586",202,"cell-5",0.8923586
"587",204,"cell-5",0.8930965
"588",206,"cell-5",0.8961985
"589",208,"cell-5",0.8971238
"590",210,"cell-5",0.9029569
"591",212,"cell-5",0.8987842
"592",214,"cell-5",0.8998782
"593",216,"cell-5",0.9008562
"594",218,"cell-5",0.9022639
"595",220,"cell-5",0.9052864
"596",222,"cell-5",0.9038757
"597",224,"cell-5",0.9062213
"598",226,"cell-5",0.9141138
"599",228,"cell-5",0.9128729
"600",230,"cell-5",0.9062536
"601",232,"cell-5",0.9124265
"602",234,"cell-5",0.9133824
"603",236,"cell-5",0.9124527
"604",238,"cell-5",0.91078
"605",240,"cell-5",0.9099377
"606",0,"cell-6",0.993361
"607",2,"cell-6",0.9924765
"608",4,"cell-6",1.006317
"609",6,"cell-6",1.008415
"610",8,"cell-6",0.997609
"611",10,"cell-6",1.003873
"612",12,"cell-6",0.99149
"613",14,"cell-6",0.9966816
"614",16,"cell-6",1.000608
"615",18,"cell-6",0.9969385
"616",20,"cell-6",1.004909
"617",22,"cell-6",1.001975
"618",24,"cell-6",1.004805
"619",26,"cell-6",1.017945
"620",28,"cell-6",1.000882
"621",30,"cell-6",0.9978008
"622",32,"cell-6",1.003389
"623",34,"cell-6",1.005859
"624",36,"cell-6",1.018403
"625",38,"cell-6",1.005267
"626",40,"cell-6",1.013645
"627",42,"cell-6",0.9943628
"628",44,"cell-6",1.006949
"629",46,"cell-6",0.9892494
"630",48,"cell-6",1.009421
"631",50,"cell-6",0.6945156
"632",52,"cell-6",0.6887361
"633",54,"cell-6",0.6984159
"634",56,"cell-6",0.6778964
"635",58,"cell-6",0.6791005
"636",60,"cell-6",0.678843
"637",62,"cell-6",0.6793856
"638",64,"cell-6",0.6764228
"639",66,"cell-6",0.6850284
"640",68,"cell-6",0.6771174
"641",70,"cell-6",0.6889412
"642",72,"cell-6",0.6778271
"643",74,"cell-6",0.6795793
"644",76,"cell-6",0.6818348
"645",78,"cell-6",0.6783973
"646",80,"cell-6",0.6725668
"647",82,"cell-6",0.6756254
"648",84,"cell-6",0.6714169
"649",86,"cell-6",0.6701264
"650",88,"cell-6",0.6700939
"651",90,"cell-6",0.6745818
"652",92,"cell-6",0.6725594
"653",94,"cell-6",0.6748692
"654",96,"cell-6",0.6743714
"655",98,"cell-6",0.6659725
"656",100,"cell-6",0.6787091
"657",102,"cell-6",0.6767376
"658",104,"cell-6",0.6671222
"659",106,"cell-6",0.6748421
"660",108,"cell-6",0.6719027
"661",110,"cell-6",0.6658377
"662",112,"cell-6",0.6666459
"663",114,"cell-6",0.6712911
"664",116,"cell-6",0.6693178
"665",118,"cell-6",0.6734181
"666",120,"cell-6",0.6682269
"667",122,"cell-6",0.6788746
"668",124,"cell-6",0.6749348
"669",126,"cell-6",0.6696571
"670",128,"cell-6",0.6705983
"671",130,"cell-6",0.6732751
"672",132,"cell-6",0.6682646
"673",134,"cell-6",0.6770051
"674",136,"cell-6",0.6752983
"675",138,"cell-6",0.6670159
"676",140,"cell-6",0.6780455
"677",142,"cell-6",0.6691081
"678",144,"cell-6",0.6712291
"679",146,"cell-6",0.6671392
"680",148,"cell-6",0.6976829
"681",150,"cell-6",0.7495433
"682",152,"cell-6",0.8219879
"683",154,"cell-6",0.8823485
"684",156,"cell-6",0.9324381
"685",158,"cell-6",0.9443353
"686",160,"cell-6",0.9504298
"687",162,"cell-6",0.9675333
"688",164,"cell-6",0.9779583
"689",166,"cell-6",0.9633533
"690",168,"cell-6",0.9712077
"691",170,"cell-6",0.980649
"692",172,"cell-6",0.9822405
"693",174,"cell-6",0.977301
"694",176,"cell-6",0.9917511
"695",178,"cell-6",0.9775796
"696",180,"cell-6",0.9803711
"697",182,"cell-6",0.9826183
"698",184,"cell-6",0.987232
"699",186,"cell-6",0.985819
"700",188,"cell-6",0.980836
"701",190,"cell-6",0.976064
"702",192,"cell-6",0.9786131
"703",194,"cell-6",0.9872374
"704",196,"cell-6",0.9884542
"705",198,"cell-6",0.9823523
"706",200,"cell-6",0.9841543
"707",202,"cell-6",0.9817288
"708",204,"cell-6",0.9969307
"709",206,"cell-6",0.9842179
"710",208,"cell-6",0.9705049
"711",210,"cell-6",0.9914571
"712",212,"cell-6",0.9838401
"713",214,"cell-6",0.9762893
"714",216,"cell-6",0.9801477
"715",218,"cell-6",0.9850536
"716",220,"cell-6",0.9721701
"717",222,"cell-6",0.9867595
"718",224,"cell-6",0.9694063
"719",226,"cell-6",0.9768374
"720",228,"cell-6",0.9858714
"721",230,"cell-6",0.9801157
"722",232,"cell-6",0.9848077
"723",234,"cell-6",0.9796389
"724",236,"cell-6",0.988262
"725",238,"cell-6",0.9934716
"726",240,"cell-6",0.9879213
"727",0,"cell-7",0.9976612
"728",2,"cell-7",0.9953743
"729",4,"cell-7",1.005133
"730",6,"cell-7",1.005629
"731",8,"cell-7",0.999718
"732",10,"cell-7",1.001344
"733",12,"cell-7",0.9928554
"734",14,"cell-7",0.995058
"735",16,"cell-7",0.9904838
"736",18,"cell-7",0.9832124
"737",20,"cell-7",0.9928708
"738",22,"cell-7",0.9916
"739",24,"cell-7",0.9895141
"740",26,"cell-7",1.002178
"741",28,"cell-7",0.9928708
"742",30,"cell-7",0.9860433
"743",32,"cell-7",0.9969848
"744",34,"cell-7",0.9894622
"745",36,"cell-7",1.005693
"746",38,"cell-7",0.9935702
"747",40,"cell-7",1.00848
"748",42,"cell-7",0.9892947
"749",44,"cell-7",0.9920383
"750",46,"cell-7",0.9798753
"751",48,"cell-7",1.025648
"752",50,"cell-7",0.7552003
"753",52,"cell-7",0.7608882
"754",54,"cell-7",0.7689157
"755",56,"cell-7",0.7364838
"756",58,"cell-7",0.7375311
"757",60,"cell-7",0.741981
"758",62,"cell-7",0.7392377
"759",64,"cell-7",0.7414956
"760",66,"cell-7",0.7480728
"761",68,"cell-7",0.7404698
"762",70,"cell-7",0.7457888
"763",72,"cell-7",0.7397825
"764",74,"cell-7",0.7459568
"765",76,"cell-7",0.7430435
"766",78,"cell-7",0.7411984
"767",80,"cell-7",0.7148045
"768",82,"cell-7",0.750943
"769",84,"cell-7",0.7392563
"770",86,"cell-7",0.7429212
"771",88,"cell-7",0.7459111
"772",90,"cell-7",0.7444032
"773",92,"cell-7",0.7446364
"774",94,"cell-7",0.7423277
"775",96,"cell-7",0.7423705
"776",98,"cell-7",0.7367296
"777",100,"cell-7",0.7537464
"778",102,"cell-7",0.7524658
"779",104,"cell-7",0.7424706
"780",106,"cell-7",0.7457928
"781",108,"cell-7",0.7424803
"782",110,"cell-7",0.7393847
"783",112,"cell-7",0.7432832
"784",114,"cell-7",0.7459449
"785",116,"cell-7",0.7448413
"786",118,"cell-7",0.7439224
"787",120,"cell-7",0.7422594
"788",122,"cell-7",0.746688
"789",124,"cell-7",0.7500987
"790",126,"cell-7",0.7446158
"791",128,"cell-7",0.7434925
"792",130,"cell-7",0.7477104
"793",132,"cell-7",0.7463108
"794",134,"cell-7",0.7456399
"795",136,"cell-7",0.7433097
"796",138,"cell-7",0.7435961
"797",140,"cell-7",0.7538838
"798",142,"cell-7",0.7486094
"799",144,"cell-7",0.7415009
"800",146,"cell-7",0.7479952
"801",148,"cell-7",0.7623104
"802",150,"cell-7",0.8135226
"803",152,"cell-7",0.8659372
"804",154,"cell-7",0.9083109
"805",156,"cell-7",0.9824047
"806",158,"cell-7",0.9470664
"807",160,"cell-7",0.9552389
"808",162,"cell-7",0.9683063
"809",164,"cell-7",0.9707021
"810",166,"cell-7",0.9621161
"811",168,"cell-7",0.9679014
"812",170,"cell-7",0.9711222
"813",172,"cell-7",0.9624383
"814",174,"cell-7",0.9649493
"815",176,"cell-7",0.9724934
"816",178,"cell-7",0.97553
"817",180,"cell-7",0.9727855
"818",182,"cell-7",0.9679986
"819",184,"cell-7",0.9715927
"820",186,"cell-7",0.9765844
"821",188,"cell-7",0.9740943
"822",190,"cell-7",0.970274
"823",192,"cell-7",0.9729806
"824",194,"cell-7",0.975227
"825",196,"cell-7",0.9751729
"826",198,"cell-7",0.9730579
"827",200,"cell-7",0.9713824
"828",202,"cell-7",0.9735221
"829",204,"cell-7",0.9854825
"830",206,"cell-7",0.9742375
"831",208,"cell-7",0.9675747
"832",210,"cell-7",0.9800523
"833",212,"cell-7",0.9743254
"834",214,"cell-7",0.969897
"835",216,"cell-7",0.9742219
"836",218,"cell-7",0.9775211
"837",220,"cell-7",0.9768153
"838",222,"cell-7",0.9814329
"839",224,"cell-7",0.9749716
"840",226,"cell-7",0.9714322
"841",228,"cell-7",0.9859855
"842",230,"cell-7",0.9867248
"843",232,"cell-7",0.9831026
"844",234,"cell-7",0.9820362
"845",236,"cell-7",0.9918756
"846",238,"cell-7",0.9889791
"847",240,"cell-7",0.9929815
"848",0,"cell-8",0.9961659
"849",2,"cell-8",0.9927425
"850",4,"cell-8",1.003245
"851",6,"cell-8",1.004104
"852",8,"cell-8",0.9981139
"853",10,"cell-8",1.000341
"854",12,"cell-8",1.001524
"855",14,"cell-8",0.9992989
"856",16,"cell-8",0.9984674
"857",18,"cell-8",1.001118
"858",20,"cell-8",1.000342
"859",22,"cell-8",0.997544
"860",24,"cell-8",1.000355
"861",26,"cell-8",0.9991067
"862",28,"cell-8",0.9958675
"863",30,"cell-8",0.9921612
"864",32,"cell-8",1.000171
"865",34,"cell-8",0.9976097
"866",36,"cell-8",0.9997494
"867",38,"cell-8",0.9989933
"868",40,"cell-8",0.9948039
"869",42,"cell-8",0.9900403
"870",44,"cell-8",0.9917237
"871",46,"cell-8",0.9881461
"872",48,"cell-8",0.9305391
"873",50,"cell-8",0.8155536
"874",52,"cell-8",0.8200119
"875",54,"cell-8",0.8131161
"876",56,"cell-8",0.8177142
"877",58,"cell-8",0.8126357
"878",60,"cell-8",0.8157328
"879",62,"cell-8",0.8129422
"880",64,"cell-8",0.8074836
"881",66,"cell-8",0.8121221
"882",68,"cell-8",0.8129629
"883",70,"cell-8",0.8110886
"884",72,"cell-8",0.8138985
"885",74,"cell-8",0.8115784
"886",76,"cell-8",0.8108442
"887",78,"cell-8",0.8096402
"888",80,"cell-8",0.8131601
"889",82,"cell-8",0.8102702
"890",84,"cell-8",0.8086443
"891",86,"cell-8",0.8074839
"892",88,"cell-8",0.8110103
"893",90,"cell-8",0.8117902
"894",92,"cell-8",0.8100665
"895",94,"cell-8",0.8076423
"896",96,"cell-8",0.8089542
"897",98,"cell-8",0.8075246
"898",100,"cell-8",0.8093739
"899",102,"cell-8",0.8119562
"900",104,"cell-8",0.808349
"901",106,"cell-8",0.8067114
"902",108,"cell-8",0.8063893
"903",110,"cell-8",0.8086386
"904",112,"cell-8",0.8082897
"905",114,"cell-8",0.8067311
"906",116,"cell-8",0.8103139
"907",118,"cell-8",0.8072727
"908",120,"cell-8",0.804477
"909",122,"cell-8",0.8064425
"910",124,"cell-8",0.8080396
"911",126,"cell-8",0.8103539
"912",128,"cell-8",0.8073238
"913",130,"cell-8",0.8043501
"914",132,"cell-8",0.8047272
"915",134,"cell-8",0.8049757
"916",136,"cell-8",0.8057989
"917",138,"cell-8",0.8088234
"918",140,"cell-8",0.8063951
"919",142,"cell-8",0.805314
"920",144,"cell-8",0.8015065
"921",146,"cell-8",0.8040525
"922",148,"cell-8",0.8056444
"923",150,"cell-8",0.8029335
"924",152,"cell-8",0.8236909
"925",154,"cell-8",0.85026
"926",156,"cell-8",0.8795047
"927",158,"cell-8",0.8921529
"928",160,"cell-8",0.9101719
"929",162,"cell-8",0.921409
"930",164,"cell-8",0.9237222
"931",166,"cell-8",0.9200274
"932",168,"cell-8",0.9295183
"933",170,"cell-8",0.9307603
"934",172,"cell-8",0.9327024
"935",174,"cell-8",0.9338757
"936",176,"cell-8",0.9358198
"937",178,"cell-8",0.936887
"938",180,"cell-8",0.9343904
"939",182,"cell-8",0.9337664
"940",184,"cell-8",0.9369862
"941",186,"cell-8",0.9373953
"942",188,"cell-8",0.9371983
"943",190,"cell-8",0.9347402
"944",192,"cell-8",0.9346654
"945",194,"cell-8",0.9361607
"946",196,"cell-8",0.9381524
"947",198,"cell-8",0.9385269
"948",200,"cell-8",0.9393582
"949",202,"cell-8",0.935445
"950",204,"cell-8",0.9389244
"951",206,"cell-8",0.9373704
"952",208,"cell-8",0.938749
"953",210,"cell-8",0.9433894
"954",212,"cell-8",0.9405927
"955",214,"cell-8",0.9395065
"956",216,"cell-8",0.9396998
"957",218,"cell-8",0.9373899
"958",220,"cell-8",0.9411788
"959",222,"cell-8",0.9368694
"960",224,"cell-8",0.938496
"961",226,"cell-8",0.9395785
"962",228,"cell-8",0.9395788
"963",230,"cell-8",0.9420264
"964",232,"cell-8",0.9452718
"965",234,"cell-8",0.9386692
"966",236,"cell-8",0.9414716
"967",238,"cell-8",0.9430047
"968",240,"cell-8",0.9445463
"969",0,"cell-9",0.9892102
"970",2,"cell-9",0.9826044
"971",4,"cell-9",0.9985691
"972",6,"cell-9",1.004594
"973",8,"cell-9",1.000984
"974",10,"cell-9",1.005825
"975",12,"cell-9",1.007696
"976",14,"cell-9",1.004553
"977",16,"cell-9",1.005636
"978",18,"cell-9",1.013478
"979",20,"cell-9",1.00573
"980",22,"cell-9",1.003309
"981",24,"cell-9",1.009553
"982",26,"cell-9",1.002945
"983",28,"cell-9",0.9881277
"984",30,"cell-9",0.992852
"985",32,"cell-9",1.003909
"986",34,"cell-9",1.000704
"987",36,"cell-9",0.991233
"988",38,"cell-9",0.9945988
"989",40,"cell-9",0.993134
"990",42,"cell-9",0.9787376
"991",44,"cell-9",0.9835182
"992",46,"cell-9",0.9778919
"993",48,"cell-9",0.898518
"994",50,"cell-9",0.678012
"995",52,"cell-9",0.6507565
"996",54,"cell-9",0.6662749
"997",56,"cell-9",0.668248
"998",58,"cell-9",0.6581175
"999",60,"cell-9",0.6640658
"1000",62,"cell-9",0.6580093
"1001",64,"cell-9",0.6549184
"1002",66,"cell-9",0.6569067
"1003",68,"cell-9",0.6592144
"1004",70,"cell-9",0.6580748
"1005",72,"cell-9",0.6579692
"1006",74,"cell-9",0.6557109
"1007",76,"cell-9",0.6565951
"1008",78,"cell-9",0.6559783
"1009",80,"cell-9",0.6614913
"1010",82,"cell-9",0.6516503
"1011",84,"cell-9",0.6563777
"1012",86,"cell-9",0.6523716
"1013",88,"cell-9",0.6558033
"1014",90,"cell-9",0.6589903
"1015",92,"cell-9",0.6577442
"1016",94,"cell-9",0.6531781
"1017",96,"cell-9",0.6576681
"1018",98,"cell-9",0.6554462
"1019",100,"cell-9",0.6599537
"1020",102,"cell-9",0.6547138
"1021",104,"cell-9",0.6573594
"1022",106,"cell-9",0.6542488
"1023",108,"cell-9",0.6515201
"1024",110,"cell-9",0.6563992
"1025",112,"cell-9",0.6549813
"1026",114,"cell-9",0.6535454
"1027",116,"cell-9",0.6598786
"1028",118,"cell-9",0.6577109
"1029",120,"cell-9",0.6517787
"1030",122,"cell-9",0.6538702
"1031",124,"cell-9",0.6530709
"1032",126,"cell-9",0.6577396
"1033",128,"cell-9",0.6531013
"1034",130,"cell-9",0.6484018
"1035",132,"cell-9",0.6535153
"1036",134,"cell-9",0.6518147
"1037",136,"cell-9",0.6583352
"1038",138,"cell-9",0.65417
"1039",140,"cell-9",0.65781
"1040",142,"cell-9",0.6521957
"1041",144,"cell-9",0.6508728
"1042",146,"cell-9",0.6524959
"1043",148,"cell-9",0.6514667
"1044",150,"cell-9",0.6538923
"1045",152,"cell-9",0.68523
"1046",154,"cell-9",0.736294
"1047",156,"cell-9",0.7876095
"1048",158,"cell-9",0.8303743
"1049",160,"cell-9",0.872296
"1050",162,"cell-9",0.8967853
"1051",164,"cell-9",0.906293
"1052",166,"cell-9",0.9048054
"1053",168,"cell-9",0.9167875
"1054",170,"cell-9",0.9266327
"1055",172,"cell-9",0.931402
"1056",174,"cell-9",0.939128
"1057",176,"cell-9",0.9431993
"1058",178,"cell-9",0.9397557
"1059",180,"cell-9",0.941749
"1060",182,"cell-9",0.9436932
"1061",184,"cell-9",0.9476023
"1062",186,"cell-9",0.9482797
"1063",188,"cell-9",0.957711
"1064",190,"cell-9",0.9454646
"1065",192,"cell-9",0.9549119
"1066",194,"cell-9",0.9533737
"1067",196,"cell-9",0.9617012
"1068",198,"cell-9",0.9643393
"1069",200,"cell-9",0.9599139
"1070",202,"cell-9",0.9555072
"1071",204,"cell-9",0.95894
"1072",206,"cell-9",0.9522166
"1073",208,"cell-9",0.9614257
"1074",210,"cell-9",0.9699149
"1075",212,"cell-9",0.9623373
"1076",214,"cell-9",0.9585838
"1077",216,"cell-9",0.9618439
"1078",218,"cell-9",0.9564713
"1079",220,"cell-9",0.9628277
"1080",222,"cell-9",0.9593132
"1081",224,"cell-9",0.9643747
"1082",226,"cell-9",0.9586869
"1083",228,"cell-9",0.9676657
"1084",230,"cell-9",0.969874
"1085",232,"cell-9",0.9766672
"1086",234,"cell-9",0.9638248
"1087",236,"cell-9",0.972649
"1088",238,"cell-9",0.9693163
"1089",240,"cell-9",0.9674996
"1090",0,"cell-10",0.9929645
"1091",2,"cell-10",1.006448
"1092",4,"cell-10",1.000934
"1093",6,"cell-10",0.9889891
"1094",8,"cell-10",1.004525
"1095",10,"cell-10",1.000582
"1096",12,"cell-10",0.9986577
"1097",14,"cell-10",1.000308
"1098",16,"cell-10",0.9998969
"1099",18,"cell-10",0.9973027
"1100",20,"cell-10",0.9983521
"1101",22,"cell-10",0.9904983
"1102",24,"cell-10",0.9944381
"1103",26,"cell-10",0.9979792
"1104",28,"cell-10",0.9942924
"1105",30,"cell-10",0.9912078
"1106",32,"cell-10",0.9927669
"1107",34,"cell-10",0.9903143
"1108",36,"cell-10",0.9872128
"1109",38,"cell-10",0.9855291
"1110",40,"cell-10",0.9959385
"1111",42,"cell-10",0.9838228
"1112",44,"cell-10",0.9877394
"1113",46,"cell-10",0.9797366
"1114",48,"cell-10",0.9778897
"1115",50,"cell-10",0.5901899
"1116",52,"cell-10",0.5801987
"1117",54,"cell-10",0.5790694
"1118",56,"cell-10",0.5747268
"1119",58,"cell-10",0.5716396
"1120",60,"cell-10",0.5743759
"1121",62,"cell-10",0.5731295
"1122",64,"cell-10",0.5695343
"1123",66,"cell-10",0.5689114
"1124",68,"cell-10",0.5651513
"1125",70,"cell-10",0.5680552
"1126",72,"cell-10",0.5692883
"1127",74,"cell-10",0.5720665
"1128",76,"cell-10",0.5735822
"1129",78,"cell-10",0.5717508
"1130",80,"cell-10",0.5729809
"1131",82,"cell-10",0.5712599
"1132",84,"cell-10",0.5717604
"1133",86,"cell-10",0.5743398
"1134",88,"cell-10",0.5769457
"1135",90,"cell-10",0.572391
"1136",92,"cell-10",0.5717383
"1137",94,"cell-10",0.5755753
"1138",96,"cell-10",0.5718781
"1139",98,"cell-10",0.5735853
"1140",100,"cell-10",0.5711259
"1141",102,"cell-10",0.570328
"1142",104,"cell-10",0.5691763
"1143",106,"cell-10",0.5710253
"1144",108,"cell-10",0.5708692
"1145",110,"cell-10",0.5681771
"1146",112,"cell-10",0.57282
"1147",114,"cell-10",0.5709528
"1148",116,"cell-10",0.5721152
"1149",118,"cell-10",0.5701172
"1150",120,"cell-10",0.5705223
"1151",122,"cell-10",0.5708463
"1152",124,"cell-10",0.5751563
"1153",126,"cell-10",0.5702664
"1154",128,"cell-10",0.5699285
"1155",130,"cell-10",0.5693495
"1156",132,"cell-10",0.5713343
"1157",134,"cell-10",0.5702035
"1158",136,"cell-10",0.5666412
"1159",138,"cell-10",0.5679433
"1160",140,"cell-10",0.5729345
"1161",142,"cell-10",0.5708542
"1162",144,"cell-10",0.5673418
"1163",146,"cell-10",0.5687158
"1164",148,"cell-10",0.5747362
"1165",150,"cell-10",0.5979114
"1166",152,"cell-10",0.710707
"1167",154,"cell-10",0.7714163
"1168",156,"cell-10",0.8284333
"1169",158,"cell-10",0.8603002
"1170",160,"cell-10",0.8703463
"1171",162,"cell-10",0.8695244
"1172",164,"cell-10",0.8736004
"1173",166,"cell-10",0.8753392
"1174",168,"cell-10",0.8743553
"1175",170,"cell-10",0.8821397
"1176",172,"cell-10",0.8861572
"1177",174,"cell-10",0.8855794
"1178",176,"cell-10",0.884447
"1179",178,"cell-10",0.8911904
"1180",180,"cell-10",0.8959718
"1181",182,"cell-10",0.8960849
"1182",184,"cell-10",0.8917719
"1183",186,"cell-10",0.9003579
"1184",188,"cell-10",0.8964256
"1185",190,"cell-10",0.9021015
"1186",192,"cell-10",0.8991146
"1187",194,"cell-10",0.9026729
"1188",196,"cell-10",0.9105773
"1189",198,"cell-10",0.9042317
"1190",200,"cell-10",0.9067229
"1191",202,"cell-10",0.9023252
"1192",204,"cell-10",0.9034753
"1193",206,"cell-10",0.9048531
"1194",208,"cell-10",0.9059557
"1195",210,"cell-10",0.904973
"1196",212,"cell-10",0.9112139
"1197",214,"cell-10",0.9099588
"1198",216,"cell-10",0.9149804
"1199",218,"cell-10",0.8582015
"1200",220,"cell-10",0.9061441
"1201",222,"cell-10",0.9109768
"1202",224,"cell-10",0.9097928
"1203",226,"cell-10",0.9163662
"1204",228,"cell-10",0.910691
"1205",230,"cell-10",0.9087347
"1206",232,"cell-10",0.907307
"1207",234,"cell-10",0.9102768
"1208",236,"cell-10",0.9096372
"1209",238,"cell-10",0.9141702
"1210",240,"cell-10",0.9158426
"1211",0,"cell-11",0.9910962
"1212",2,"cell-11",1.004355
"1213",4,"cell-11",0.9958825
"1214",6,"cell-11",0.9981266
"1215",8,"cell-11",1.002002
"1216",10,"cell-11",1.000546
"1217",12,"cell-11",0.9991376
"1218",14,"cell-11",1.00043
"1219",16,"cell-11",1.001015
"1220",18,"cell-11",0.9943452
"1221",20,"cell-11",1.000162
"1222",22,"cell-11",0.9970146
"1223",24,"cell-11",0.9970034
"1224",26,"cell-11",1.000025
"1225",28,"cell-11",1.003042
"1226",30,"cell-11",1.001827
"1227",32,"cell-11",0.995735
"1228",34,"cell-11",0.9937953
"1229",36,"cell-11",0.9984173
"1230",38,"cell-11",0.9961487
"1231",40,"cell-11",1.001336
"1232",42,"cell-11",0.9987546
"1233",44,"cell-11",0.9978936
"1234",46,"cell-11",0.997753
"1235",48,"cell-11",0.983065
"1236",50,"cell-11",0.6648378
"1237",52,"cell-11",0.6436274
"1238",54,"cell-11",0.6411879
"1239",56,"cell-11",0.6389547
"1240",58,"cell-11",0.6363773
"1241",60,"cell-11",0.6377363
"1242",62,"cell-11",0.6367301
"1243",64,"cell-11",0.63583
"1244",66,"cell-11",0.6345915
"1245",68,"cell-11",0.6340966
"1246",70,"cell-11",0.6342813
"1247",72,"cell-11",0.6329445
"1248",74,"cell-11",0.6369497
"1249",76,"cell-11",0.6397236
"1250",78,"cell-11",0.6366675
"1251",80,"cell-11",0.6392633
"1252",82,"cell-11",0.6344798
"1253",84,"cell-11",0.6398402
"1254",86,"cell-11",0.6395645
"1255",88,"cell-11",0.6414179
"1256",90,"cell-11",0.6394932
"1257",92,"cell-11",0.6367164
"1258",94,"cell-11",0.6398295
"1259",96,"cell-11",0.6342174
"1260",98,"cell-11",0.6374652
"1261",100,"cell-11",0.6332263
"1262",102,"cell-11",0.631543
"1263",104,"cell-11",0.6310443
"1264",106,"cell-11",0.631089
"1265",108,"cell-11",0.6286956
"1266",110,"cell-11",0.6305976
"1267",112,"cell-11",0.6351599
"1268",114,"cell-11",0.6362248
"1269",116,"cell-11",0.6338143
"1270",118,"cell-11",0.6356538
"1271",120,"cell-11",0.6330714
"1272",122,"cell-11",0.6323177
"1273",124,"cell-11",0.6380141
"1274",126,"cell-11",0.6318295
"1275",128,"cell-11",0.6318994
"1276",130,"cell-11",0.6316927
"1277",132,"cell-11",0.6324529
"1278",134,"cell-11",0.6312552
"1279",136,"cell-11",0.6297966
"1280",138,"cell-11",0.6293859
"1281",140,"cell-11",0.6349045
"1282",142,"cell-11",0.6344674
"1283",144,"cell-11",0.6293986
"1284",146,"cell-11",0.6283683
"1285",148,"cell-11",0.637214
"1286",150,"cell-11",0.6630464
"1287",152,"cell-11",0.7488728
"1288",154,"cell-11",0.8070501
"1289",156,"cell-11",0.8536375
"1290",158,"cell-11",0.8810238
"1291",160,"cell-11",0.892899
"1292",162,"cell-11",0.8912413
"1293",164,"cell-11",0.9007747
"1294",166,"cell-11",0.8973725
"1295",168,"cell-11",0.9014131
"1296",170,"cell-11",0.9043577
"1297",172,"cell-11",0.9051554
"1298",174,"cell-11",0.9110134
"1299",176,"cell-11",0.9106097
"1300",178,"cell-11",0.9137554
"1301",180,"cell-11",0.9122716
"1302",182,"cell-11",0.9180505
"1303",184,"cell-11",0.9085619
"1304",186,"cell-11",0.9193791
"1305",188,"cell-11",0.913283
"1306",190,"cell-11",0.9255377
"1307",192,"cell-11",0.9188143
"1308",194,"cell-11",0.9235503
"1309",196,"cell-11",0.9289671
"1310",198,"cell-11",0.9228753
"1311",200,"cell-11",0.9205598
"1312",202,"cell-11",0.9222744
"1313",204,"cell-11",0.9234949
"1314",206,"cell-11",0.9185551
"1315",208,"cell-11",0.9297382
"1316",210,"cell-11",0.9198697
"1317",212,"cell-11",0.9285422
"1318",214,"cell-11",0.927261
"1319",216,"cell-11",0.9289708
"1320",218,"cell-11",0.8478145
"1321",220,"cell-11",0.9223647
"1322",222,"cell-11",0.9265071
"1323",224,"cell-11",0.9284187
"1324",226,"cell-11",0.9357637
"1325",228,"cell-11",0.9339051
"1326",230,"cell-11",0.9355748
"1327",232,"cell-11",0.922313
"1328",234,"cell-11",0.9311424
"1329",236,"cell-11",0.9297156
"1330",238,"cell-11",0.9345112
"1331",240,"cell-11",0.932408
"1332",0,"cell-12",0.985926
"1333",2,"cell-12",1.008061
"1334",4,"cell-12",0.9993525
"1335",6,"cell-12",0.9900663
"1336",8,"cell-12",0.9979293
"1337",10,"cell-12",1.004209
"1338",12,"cell-12",1.0005
"1339",14,"cell-12",0.9996152
"1340",16,"cell-12",1.000353
"1341",18,"cell-12",0.9958466
"1342",20,"cell-12",1.00261
"1343",22,"cell-12",0.9949963
"1344",24,"cell-12",0.9928678
"1345",26,"cell-12",1.003834
"1346",28,"cell-12",1.007456
"1347",30,"cell-12",1.005137
"1348",32,"cell-12",0.9996222
"1349",34,"cell-12",0.9973842
"1350",36,"cell-12",1.002541
"1351",38,"cell-12",0.997251
"1352",40,"cell-12",0.9999806
"1353",42,"cell-12",1.003147
"1354",44,"cell-12",1.004841
"1355",46,"cell-12",1.000682
"1356",48,"cell-12",0.9809332
"1357",50,"cell-12",0.6554475
"1358",52,"cell-12",0.6488855
"1359",54,"cell-12",0.6481088
"1360",56,"cell-12",0.6395813
"1361",58,"cell-12",0.6381269
"1362",60,"cell-12",0.6387445
"1363",62,"cell-12",0.6394422
"1364",64,"cell-12",0.6349275
"1365",66,"cell-12",0.6366007
"1366",68,"cell-12",0.6348265
"1367",70,"cell-12",0.6342319
"1368",72,"cell-12",0.640677
"1369",74,"cell-12",0.6421387
"1370",76,"cell-12",0.6457923
"1371",78,"cell-12",0.6415861
"1372",80,"cell-12",0.6450362
"1373",82,"cell-12",0.6398446
"1374",84,"cell-12",0.6419332
"1375",86,"cell-12",0.6438596
"1376",88,"cell-12",0.6484141
"1377",90,"cell-12",0.6416141
"1378",92,"cell-12",0.6401131
"1379",94,"cell-12",0.6461521
"1380",96,"cell-12",0.6395882
"1381",98,"cell-12",0.643279
"1382",100,"cell-12",0.6443212
"1383",102,"cell-12",0.6349523
"1384",104,"cell-12",0.6410767
"1385",106,"cell-12",0.6401595
"1386",108,"cell-12",0.6385007
"1387",110,"cell-12",0.6388813
"1388",112,"cell-12",0.6444822
"1389",114,"cell-12",0.6426991
"1390",116,"cell-12",0.6443937
"1391",118,"cell-12",0.642487
"1392",120,"cell-12",0.6416532
"1393",122,"cell-12",0.6386777
"1394",124,"cell-12",0.6413354
"1395",126,"cell-12",0.6385086
"1396",128,"cell-12",0.6354747
"1397",130,"cell-12",0.6373757
"1398",132,"cell-12",0.6386257
"1399",134,"cell-12",0.6412179
"1400",136,"cell-12",0.6396562
"1401",138,"cell-12",0.6372858
"1402",140,"cell-12",0.6446765
"1403",142,"cell-12",0.6444864
"1404",144,"cell-12",0.635443
"1405",146,"cell-12",0.6417478
"1406",148,"cell-12",0.6459162
"1407",150,"cell-12",0.6796147
"1408",152,"cell-12",0.7691363
"1409",154,"cell-12",0.8321004
"1410",156,"cell-12",0.8700709
"1411",158,"cell-12",0.8903588
"1412",160,"cell-12",0.9088039
"1413",162,"cell-12",0.8877413
"1414",164,"cell-12",0.9047694
"1415",166,"cell-12",0.8937883
"1416",168,"cell-12",0.8983769
"1417",170,"cell-12",0.8987133
"1418",172,"cell-12",0.8988575
"1419",174,"cell-12",0.9049002
"1420",176,"cell-12",0.9034199
"1421",178,"cell-12",0.9154415
"1422",180,"cell-12",0.9116707
"1423",182,"cell-12",0.9149215
"1424",184,"cell-12",0.9023825
"1425",186,"cell-12",0.9160582
"1426",188,"cell-12",0.9105129
"1427",190,"cell-12",0.9196705
"1428",192,"cell-12",0.9176256
"1429",194,"cell-12",0.915639
"1430",196,"cell-12",0.9254841
"1431",198,"cell-12",0.9233137
"1432",200,"cell-12",0.9203123
"1433",202,"cell-12",0.9241514
"1434",204,"cell-12",0.9181012
"1435",206,"cell-12",0.9201765
"1436",208,"cell-12",0.9160938
"1437",210,"cell-12",0.9169561
"1438",212,"cell-12",0.9248399
"1439",214,"cell-12",0.9221675
"1440",216,"cell-12",0.9348542
"1441",218,"cell-12",0.8515295
"1442",220,"cell-12",0.9215679
"1443",222,"cell-12",0.9241449
"1444",224,"cell-12",0.924326
"1445",226,"cell-12",0.9299535
"1446",228,"cell-12",0.9342773
"1447",230,"cell-12",0.923134
"1448",232,"cell-12",0.9163445
"1449",234,"cell-12",0.9271856
"1450",236,"cell-12",0.9301013
"1451",238,"cell-12",0.9241862
"1452",240,"cell-12",0.9339843
